dotCount	x	y	frequency	colour	size	pval	description	legend	members	representative	user
1	-1.221909818910937	-0.07087298281116886	1.374184049908031	-7.634864207783076	1.791759469228055	2.31811935030866e-08	clathrin binding	1. clathrin binding	['GO:0005516', 'GO:0030276', 'GO:0000149', 'GO:0019905', 'GO:0019894']	GO:0030276	0
2	0.9331574970719828	0.35475106026506753	1.0162029030610407	-5.628672956811783	1.0986122886681098	2.35140286593331e-06	gated channel activity	2. gated channel activity	['GO:0022836', 'GO:0022839']	GO:0022836	0
3	-1.0756228607112668	0.6026754720217429	1.3521457712044684	-5.375257206708995	1.3862943611198906	4.214468316907e-06	calcium-dependent phospholipid binding	3. calcium-dependent phospholipid binding	['GO:0005543', 'GO:0005544', 'GO:0001786']	GO:0005544	0
4	0.8484346692126375	0.18476677063103372	0.9174263844824733	-5.0632340031537	1.9459101490553132	8.64501989067008e-06	monoatomic cation channel activity	4. monoatomic cation channel activity	['GO:0005261', 'GO:0005216', 'GO:0015267', 'GO:0022803', 'GO:0005267', 'GO:0015079']	GO:0005261	0
5	0.887330641180645	0.47219289961142846	1.1385252073111778	-4.474918919474074	1.0986122886681098	3.35027981304923e-05	voltage-gated monoatomic ion channel activity	5. voltage-gated monoatomic ion channel activity	['GO:0005244', 'GO:0022832']	GO:0005244	0
6	0.8814501578589045	0.4278533645324114	1.2499488584074945	-4.474918919474074	1.0986122886681098	3.35027981304923e-05	voltage-gated monoatomic cation channel activity	6. voltage-gated monoatomic cation channel activity	['GO:0022843', 'GO:0005249']	GO:0022843	0
7	-0.9696032013587179	-0.7220763710275853	1.5220374526052964	-3.0172014126668474	0.6931471805599453	0.000961166415042549	inositol 1,4,5 trisphosphate binding	7. inositol 1,4,5 trisphosphate binding	['GO:0070679']	GO:0070679	0
8	-0.2832370843432479	-1.24929021322293	1.2098681195426706	-2.1872826846155538	0.6931471805599453	0.0064970665512167	NAD+ kinase activity	8. NAD+ kinase activity	['GO:0003951']	GO:0003951	0
