dotCount	x	y	frequency	colour	size	pval	description	legend	members	representative	user
1	-0.24597822736612115	-0.8495610077734853	1.18551299820134	-7.977760255603167	1.6094379124341003	1.0525427506246e-08	microtubule binding	1. microtubule binding	['GO:0015631', 'GO:0008017', 'GO:0051015', 'GO:0019838']	GO:0008017	0
2	0.43645914157007015	0.9165956488641431	1.41381627359556	-4.5346292257429415	1.3862943611198906	2.91991879954754e-05	3'-5' DNA helicase activity	2. 3'-5' DNA helicase activity	['GO:0003678', 'GO:0043138', 'GO:0017116']	GO:0043138	0
3	0.8066456639895616	0.37432581008873805	1.6759220994714805	-4.297462664127521	1.3862943611198906	5.04123956284011e-05	plus-end-directed microtubule motor activity	3. plus-end-directed microtubule motor activity	['GO:0008574', 'GO:0003774', 'GO:0003777']	GO:0008574	0
4	-0.7573804549273235	0.5970171634048916	1.3933079821426244	-4.204973789682706	1.0986122886681098	6.23772479942476e-05	DNA-binding transcription activator activity, RNA polymerase...	4. DNA-binding transcription activator activity, RNA polymerase...	['GO:0001228', 'GO:0001216']	GO:0001228	0
5	0.822577740837664	-0.4642873601987357	1.4442324480800817	-4.204973789682706	1.0986122886681098	6.23772479942476e-05	extracellular matrix structural constituent	5. extracellular matrix structural constituent	['GO:0005201', 'GO:0030023']	GO:0005201	0
6	0.05794022592884658	0.9300963013506754	0.5890880674598169	-3.7012909457527576	1.0986122886681098	0.000198934017907618	catalytic activity, acting on DNA	6. catalytic activity, acting on DNA	['GO:0140097', 'GO:0008094']	GO:0140097	0
7	-0.762581668476347	-0.534751177813946	1.296377310974389	-3.640523239016818	1.3862943611198906	0.000228810927199831	RNA polymerase II cis-regulatory region sequence-specific DN...	7. RNA polymerase II cis-regulatory region sequence-specific DN...	['GO:0000978', 'GO:0000987', 'GO:0003688']	GO:0000978	0
8	-0.8901483790777366	-0.16984469002155403	1.1133693541989984	-2.082498302382068	0.6931471805599453	0.00826992741201598	single-stranded DNA binding	8. single-stranded DNA binding	['GO:0003697']	GO:0003697	0
9	0.5324659575213855	-0.7995906879007276	1.8623293181023584	-2.024056122577123	0.6931471805599453	0.00946114889867746	structural molecule activity conferring elasticity	9. structural molecule activity conferring elasticity	['GO:0097493']	GO:0097493	0
