dotCount	x	y	frequency	colour	size	pval	description	legend	members	representative	user
1	0.0	0.0	1.6009928165739433	-3.0956872831908586	0.6931471805599453	0.000802255525217304	Notch binding	1. Notch binding	['GO:0005112']	GO:0005112	0
