dotCount	x	y	frequency	colour	size	pval	description	legend	members	representative	user
1	-0.6096446033316276	-0.5507052486917073	1.18551299820134	-15.912908544579265	1.9459101490553132	1.22205697858083e-16	microtubule binding	1. microtubule binding	['GO:0015631', 'GO:0008017', 'GO:0051959', 'GO:0051018', 'GO:0045503', 'GO:0045504']	GO:0008017	0
2	0.13342107014298438	-0.9157839443626528	1.0698509352641898	-10.976622274546715	1.6094379124341003	1.05530434303481e-11	cytoskeletal motor activity	2. cytoskeletal motor activity	['GO:0003774', 'GO:0003777', 'GO:0008569', 'GO:0008574']	GO:0003774	0
3	0.7704112484346505	-0.4410532435914016	0.9174263844824733	-5.484201302090596	2.833213344056216	3.27943251199602e-06	monoatomic cation channel activity	3. monoatomic cation channel activity	['GO:0005216', 'GO:0005261', 'GO:0015267', 'GO:0022803', 'GO:0005267', 'GO:0005272', 'GO:0022836', 'GO:0022839', 'GO:0099094', 'GO:0015276', 'GO:0022834', 'GO:0005249', 'GO:0015079', 'GO:0022843', 'GO:0005244', 'GO:0022832']	GO:0005261	0
4	0.2482411464810617	0.848394763732686	1.4905106497690799	-3.0827066940580172	1.6094379124341003	0.000826596012553787	DNA-binding transcription repressor activity, RNA polymerase...	4. DNA-binding transcription repressor activity, RNA polymerase...	['GO:0001217', 'GO:0001227', 'GO:0001228', 'GO:0001216']	GO:0001227	0
5	-0.5320361752312067	0.6464140250785948	1.296377310974389	-3.0142765500081663	1.0986122886681098	0.000967661472630519	RNA polymerase II cis-regulatory region sequence-specific DN...	5. RNA polymerase II cis-regulatory region sequence-specific DN...	['GO:0000978', 'GO:0000987']	GO:0000978	0
6	0.8529948831769774	0.35276708739468715	1.3492536231099794	-2.19208547037416	0.6931471805599453	0.00642561247013927	NAD+ ADP-ribosyltransferase activity	6. NAD+ ADP-ribosyltransferase activity	['GO:0003950']	GO:0003950	0
7	-0.8633875696728399	0.05996656043979355	1.398353749612271	-2.0755866144777246	0.6931471805599453	0.00840259411399395	heparin binding	7. heparin binding	['GO:0008201']	GO:0008201	0
