dotCount	x	y	frequency	colour	size	pval	description	legend	members	representative	user
1	0.4962259837248016	0.4975165653605812	1.8382405949482636	-2.096804716733538	0.6931471805599453	0.00800193986421049	varicosity	1. varicosity	['GO:0043196']	GO:0043196	0
2	-0.4962259837248016	-0.4975165653605812	1.8608239629640309	-2.096804716733538	0.6931471805599453	0.00800193986421049	cell body fiber	2. cell body fiber	['GO:0070852']	GO:0070852	0
