dotCount	x	y	frequency	colour	size	pval	description	legend	members	representative	user
1	-0.10899466854275534	-0.698654273337333	1.6107840381947136	-2.1364809875033415	0.6931471805599453	0.00730329784471517	calcitonin family receptor activity	1. calcitonin family receptor activity	['GO:0097642']	GO:0097642	0
2	0.10899466854275534	0.698654273337333	1.295515639948344	-2.0115422508950225	1.0986122886681098	0.00973773045962065	hormone activity	2. hormone activity	['GO:0005179', 'GO:0001965']	GO:0005179	0
