dotCount	x	y	frequency	colour	size	pval	description	legend	members	representative	user
1	-0.4481401104157332	0.7744437791943227	1.1891519674363558	-6.545394642852746	2.772588722239781	2.84842872750267e-07	potassium channel activity	1. potassium channel activity	['GO:0015079', 'GO:0005267', 'GO:0005249', 'GO:0022843', 'GO:0005244', 'GO:0005261', 'GO:0005216', 'GO:0015267', 'GO:0022803', 'GO:0022839', 'GO:0022836', 'GO:0022832', 'GO:0099094', 'GO:0005272', 'GO:0005248']	GO:0005267	0
2	0.44503175388181637	0.7565849805607866	1.1544285670086023	-6.0860090651230845	2.0794415416798357	8.20334421132496e-07	tubulin binding	2. tubulin binding	['GO:0015631', 'GO:0008017', 'GO:0045505', 'GO:0045503', 'GO:0051959', 'GO:0001965', 'GO:0045504']	GO:0015631	0
3	0.894165679383625	-0.014702734764696697	1.3892832827149897	-5.509210361949922	1.3862943611198906	3.09591934604798e-06	minus-end-directed microtubule motor activity	3. minus-end-directed microtubule motor activity	['GO:0008569', 'GO:0003774', 'GO:0003777']	GO:0008569	0
4	0.4194661197598266	-0.7399180034867473	1.2798483077687965	-3.8652692590393256	1.0986122886681098	0.000136373736837724	nucleoside diphosphate kinase activity	4. nucleoside diphosphate kinase activity	['GO:0016776', 'GO:0004550']	GO:0004550	0
5	-0.8518836698650777	0.0056381027770091765	1.2981053655811223	-2.7612223743289794	0.6931471805599453	0.00173291645525731	structural constituent of cytoskeleton	5. structural constituent of cytoskeleton	['GO:0005200']	GO:0005200	0
6	-0.45863977274445716	-0.7820461242806745	1.4905106497690799	-2.4190730418019495	1.0986122886681098	0.00381001739241003	DNA-binding transcription repressor activity, RNA polymerase...	6. DNA-binding transcription repressor activity, RNA polymerase...	['GO:0001217', 'GO:0001227']	GO:0001227	0
